TelemetryID,TurbineID,WindSpeed_MPS,BladePitch_Deg,PowerOutput_MW
TEL-00001,TURBINE-4,12.66,40.7,0.005
TEL-00002,TURBINE-5,10.62,33.3,0.0
TEL-00003,TURBINE-3,28.76,8.6,0.057
TEL-00004,TURBINE-5,5.53,27.6,0.0
TEL-00005,TURBINE-5,2.71,19.6,0.155
TEL-00006,TURBINE-2,23.13,26.0,0.0
TEL-00007,TURBINE-3,2.05,33.2,0.219
TEL-00008,TURBINE-3,25.11,36.3,0.053
TEL-00009,TURBINE-3,13.12,38.0,0.0
TEL-00010,TURBINE-5,27.47,11.4,0.073
TEL-00011,TURBINE-4,21.65,1.4,0.404
TEL-00012,TURBINE-3,18.31,33.3,0.096
TEL-00013,TURBINE-5,28.48,4.8,0.0
TEL-00014,TURBINE-2,11.9,14.2,0.007
TEL-00015,TURBINE-4,28.62,0.2,0.104
TEL-00016,TURBINE-2,4.05,30.7,0.051
TEL-00017,TURBINE-4,14.51,7.5,0.059
TEL-00018,TURBINE-5,8.1,29.5,0.139
TEL-00019,TURBINE-1,16.2,44.6,0.113
TEL-00020,TURBINE-4,4.86,3.3,0.085
TEL-00021,TURBINE-2,25.25,3.5,0.0
TEL-00022,TURBINE-5,25.39,15.3,0.0
TEL-00023,TURBINE-4,28.66,39.0,0.0
TEL-00024,TURBINE-1,4.64,9.7,0.0
TEL-00025,TURBINE-1,18.7,16.2,0.23
TEL-00026,TURBINE-3,14.23,3.1,0.055
TEL-00027,TURBINE-3,10.33,34.3,0.059
TEL-00028,TURBINE-2,10.55,18.4,0.135
TEL-00029,TURBINE-4,12.38,34.2,0.063
TEL-00030,TURBINE-4,21.15,40.7,0.149
TEL-00031,TURBINE-3,17.95,10.5,0.0
TEL-00032,TURBINE-4,13.79,36.3,0.001
TEL-00033,TURBINE-4,2.28,2.7,0.173
TEL-00034,TURBINE-1,2.33,40.4,0.01
TEL-00035,TURBINE-3,0.07,29.3,0.19
TEL-00036,TURBINE-5,29.03,39.3,0.0
TEL-00037,TURBINE-3,0.16,0.0,0.023
TEL-00038,TURBINE-5,3.09,7.6,0.0
TEL-00039,TURBINE-1,9.44,17.5,0.076
TEL-00040,TURBINE-2,24.22,17.1,0.381
TEL-00041,TURBINE-4,28.86,10.2,0.06
TEL-00042,TURBINE-1,23.7,17.2,0.376
TEL-00043,TURBINE-4,20.72,5.8,0.223
TEL-00044,TURBINE-2,15.64,18.6,0.057
TEL-00045,TURBINE-2,2.6,36.1,0.0
TEL-00046,TURBINE-1,28.75,21.6,0.064
TEL-00047,TURBINE-2,22.75,0.8,0.338
TEL-00048,TURBINE-5,19.17,19.0,0.132
TEL-00049,TURBINE-2,22.77,1.2,0.3
TEL-00050,TURBINE-4,21.72,43.5,0.094
TEL-00051,TURBINE-4,19.12,5.7,0.153
TEL-00052,TURBINE-4,29.42,31.8,0.0
TEL-00053,TURBINE-4,27.1,43.8,0.024
TEL-00054,TURBINE-5,19.4,37.2,0.137
TEL-00055,TURBINE-3,20.8,31.5,0.054
TEL-00056,TURBINE-1,1.55,37.8,0.0
TEL-00057,TURBINE-4,20.1,44.2,0.055
TEL-00058,TURBINE-2,1.32,28.0,0.0
TEL-00059,TURBINE-4,17.65,25.2,0.081
TEL-00060,TURBINE-2,29.98,28.3,0.066
TEL-00061,TURBINE-2,16.67,24.0,0.0
TEL-00062,TURBINE-4,14.2,28.6,0.0
TEL-00063,TURBINE-5,9.39,20.2,0.035
TEL-00064,TURBINE-2,3.62,9.8,0.0
TEL-00065,TURBINE-2,21.93,5.4,0.356
TEL-00066,TURBINE-4,5.78,3.1,0.122
TEL-00067,TURBINE-2,3.46,11.8,0.023
TEL-00068,TURBINE-2,12.65,2.1,0.0
TEL-00069,TURBINE-4,23.86,25.5,0.337
TEL-00070,TURBINE-4,22.35,12.8,0.269
TEL-00071,TURBINE-1,1.65,37.1,0.0
TEL-00072,TURBINE-5,13.65,3.3,0.0
TEL-00073,TURBINE-5,15.67,10.2,0.242
TEL-00074,TURBINE-2,19.34,32.9,0.236
TEL-00075,TURBINE-5,19.51,26.9,0.0
TEL-00076,TURBINE-2,10.94,2.9,0.0
TEL-00077,TURBINE-1,16.82,39.5,0.168
TEL-00078,TURBINE-4,14.43,39.5,0.032
TEL-00079,TURBINE-4,26.55,14.9,0.07
TEL-00080,TURBINE-4,15.91,15.3,0.079
TEL-00081,TURBINE-5,13.23,44.5,0.087
TEL-00082,TURBINE-1,12.13,28.2,0.029
TEL-00083,TURBINE-5,17.17,23.9,0.046
TEL-00084,TURBINE-5,24.12,37.7,0.274
TEL-00085,TURBINE-1,16.15,12.8,0.114
TEL-00086,TURBINE-1,19.85,19.3,0.218
TEL-00087,TURBINE-1,22.14,12.0,0.261
TEL-00088,TURBINE-1,15.61,35.5,0.0
TEL-00089,TURBINE-4,12.8,25.8,0.196
TEL-00090,TURBINE-3,26.3,29.6,0.035
TEL-00091,TURBINE-3,12.53,11.4,0.009
TEL-00092,TURBINE-1,13.86,9.9,0.19
TEL-00093,TURBINE-3,29.71,22.0,0.0
TEL-00094,TURBINE-3,0.01,33.2,0.224
TEL-00095,TURBINE-1,5.56,23.6,0.0
TEL-00096,TURBINE-3,11.52,1.5,0.0
TEL-00097,TURBINE-5,27.98,39.1,0.191
TEL-00098,TURBINE-2,2.1,2.9,0.0
TEL-00099,TURBINE-2,0.28,43.0,0.024
TEL-00100,TURBINE-1,1.58,1.1,0.072
TEL-00101,TURBINE-4,2.66,31.3,0.118
TEL-00102,TURBINE-1,1.13,3.7,0.03
TEL-00103,TURBINE-4,14.39,41.0,0.0
TEL-00104,TURBINE-2,17.42,20.9,0.122
TEL-00105,TURBINE-1,8.15,6.2,0.0
TEL-00106,TURBINE-5,11.95,15.3,0.061
TEL-00107,TURBINE-3,2.75,7.4,0.163
TEL-00108,TURBINE-4,10.09,7.7,0.101
TEL-00109,TURBINE-3,15.68,42.7,0.059
TEL-00110,TURBINE-3,21.97,20.0,0.278
TEL-00111,TURBINE-1,0.1,35.5,0.081
TEL-00112,TURBINE-3,14.02,28.8,0.0
TEL-00113,TURBINE-5,8.91,30.4,0.015
TEL-00114,TURBINE-3,25.58,5.9,0.256
TEL-00115,TURBINE-1,21.47,10.5,0.351
TEL-00116,TURBINE-5,17.67,35.4,0.021
TEL-00117,TURBINE-2,8.32,43.7,0.0
TEL-00118,TURBINE-3,27.31,11.8,0.0
TEL-00119,TURBINE-1,1.35,12.2,0.087
TEL-00120,TURBINE-2,3.28,21.3,0.161
TEL-00121,TURBINE-2,11.75,44.3,0.073
TEL-00122,TURBINE-4,3.73,12.1,0.017
TEL-00123,TURBINE-5,28.69,18.3,0.0
TEL-00124,TURBINE-3,23.94,40.1,0.184
TEL-00125,TURBINE-1,7.77,0.1,0.0
TEL-00126,TURBINE-4,17.66,1.8,0.0
TEL-00127,TURBINE-5,29.47,27.2,0.164
TEL-00128,TURBINE-4,26.53,40.8,0.0
TEL-00129,TURBINE-5,18.02,10.7,0.103
TEL-00130,TURBINE-5,27.11,21.1,0.066
TEL-00131,TURBINE-3,29.68,20.3,0.143
TEL-00132,TURBINE-5,22.3,21.3,0.234
TEL-00133,TURBINE-4,1.95,28.0,0.0
TEL-00134,TURBINE-5,12.05,21.1,0.003
TEL-00135,TURBINE-3,25.13,20.1,0.0
TEL-00136,TURBINE-3,6.92,21.3,0.002
TEL-00137,TURBINE-4,24.92,26.6,0.38
TEL-00138,TURBINE-2,3.61,24.2,0.0
TEL-00139,TURBINE-2,1.41,38.4,0.0
TEL-00140,TURBINE-5,11.52,2.2,0.0
TEL-00141,TURBINE-1,1.1,37.5,0.0
TEL-00142,TURBINE-5,28.72,38.0,0.059
TEL-00143,TURBINE-4,24.79,12.8,0.198
TEL-00144,TURBINE-4,24.02,20.8,0.133
TEL-00145,TURBINE-4,18.89,19.7,0.216
TEL-00146,TURBINE-4,6.49,9.8,0.156
TEL-00147,TURBINE-4,15.55,17.9,0.068
TEL-00148,TURBINE-3,17.92,2.0,0.032
TEL-00149,TURBINE-2,15.75,12.5,0.017
TEL-00150,TURBINE-4,7.81,36.8,0.107
TEL-00151,TURBINE-1,15.46,12.8,0.094
TEL-00152,TURBINE-1,14.74,36.8,0.029
TEL-00153,TURBINE-1,29.89,23.9,0.031
TEL-00154,TURBINE-1,26.92,39.6,0.0
TEL-00155,TURBINE-3,13.9,25.9,0.2
TEL-00156,TURBINE-1,18.69,1.3,0.102
TEL-00157,TURBINE-4,22.44,30.4,0.083
TEL-00158,TURBINE-5,1.05,2.0,0.0
TEL-00159,TURBINE-1,26.85,20.3,0.0
TEL-00160,TURBINE-3,25.8,41.8,0.0
TEL-00161,TURBINE-3,13.72,7.4,0.085
TEL-00162,TURBINE-1,11.74,17.5,0.035
TEL-00163,TURBINE-5,8.19,32.8,0.0
TEL-00164,TURBINE-1,14.3,39.7,0.092
TEL-00165,TURBINE-3,1.33,30.2,0.152
TEL-00166,TURBINE-2,25.57,11.6,0.036
TEL-00167,TURBINE-4,1.06,30.4,0.0
TEL-00168,TURBINE-3,9.87,13.4,0.22
TEL-00169,TURBINE-1,27.95,32.3,0.075
TEL-00170,TURBINE-4,22.06,42.9,0.301
TEL-00171,TURBINE-1,8.44,32.5,0.118
TEL-00172,TURBINE-1,7.58,38.8,0.134
TEL-00173,TURBINE-2,0.15,0.1,0.021
TEL-00174,TURBINE-4,20.87,32.3,0.103
TEL-00175,TURBINE-4,1.46,37.3,0.037
TEL-00176,TURBINE-2,15.98,1.8,0.039
TEL-00177,TURBINE-3,28.86,39.2,0.043
TEL-00178,TURBINE-1,3.28,11.6,0.0
TEL-00179,TURBINE-5,26.83,29.9,0.004
TEL-00180,TURBINE-1,29.74,36.0,0.134
TEL-00181,TURBINE-1,1.85,29.8,0.009
TEL-00182,TURBINE-3,26.49,4.2,0.173
TEL-00183,TURBINE-1,15.48,26.8,0.035
TEL-00184,TURBINE-2,27.2,24.7,0.1
TEL-00185,TURBINE-2,17.14,40.5,0.0
TEL-00186,TURBINE-4,19.86,18.2,0.253
TEL-00187,TURBINE-5,16.31,14.4,0.117
TEL-00188,TURBINE-1,25.93,33.7,0.0
TEL-00189,TURBINE-1,22.02,18.6,0.0
TEL-00190,TURBINE-3,15.64,29.1,0.034
TEL-00191,TURBINE-2,26.04,29.1,0.021
TEL-00192,TURBINE-5,7.36,40.0,0.087
TEL-00193,TURBINE-4,4.72,26.9,0.158
TEL-00194,TURBINE-2,4.81,22.6,0.206
TEL-00195,TURBINE-4,10.02,6.2,0.15
TEL-00196,TURBINE-3,7.16,5.2,0.0
TEL-00197,TURBINE-3,27.9,6.9,0.0
TEL-00198,TURBINE-1,3.18,7.7,0.074
TEL-00199,TURBINE-5,20.97,28.7,0.197
TEL-00200,TURBINE-4,5.68,33.3,0.165
TEL-00201,TURBINE-2,26.45,23.8,0.248
TEL-00202,TURBINE-3,28.84,37.3,0.227
TEL-00203,TURBINE-1,13.96,44.6,0.174
TEL-00204,TURBINE-1,26.37,36.9,0.053
TEL-00205,TURBINE-4,0.15,31.3,0.135
TEL-00206,TURBINE-3,24.6,24.0,0.429
TEL-00207,TURBINE-5,6.86,20.2,0.0
TEL-00208,TURBINE-3,27.26,3.8,0.0
TEL-00209,TURBINE-4,0.03,18.0,0.0
TEL-00210,TURBINE-4,16.69,41.0,0.0
TEL-00211,TURBINE-3,22.7,36.4,0.008
TEL-00212,TURBINE-4,7.76,9.7,0.036
TEL-00213,TURBINE-3,5.79,21.0,0.0
TEL-00214,TURBINE-2,2.52,36.8,0.0
TEL-00215,TURBINE-3,9.79,3.0,0.095
TEL-00216,TURBINE-3,16.8,17.4,0.115
TEL-00217,TURBINE-4,3.48,38.3,0.043
TEL-00218,TURBINE-4,11.3,18.2,0.165
TEL-00219,TURBINE-1,0.27,3.5,0.086
TEL-00220,TURBINE-1,24.56,24.4,0.411
TEL-00221,TURBINE-2,3.85,38.8,0.009
TEL-00222,TURBINE-1,8.5,26.6,0.171
TEL-00223,TURBINE-3,0.55,10.2,0.036
TEL-00224,TURBINE-4,12.97,17.3,0.061
TEL-00225,TURBINE-1,25.2,20.3,0.146
TEL-00226,TURBINE-1,11.76,26.1,0.0
TEL-00227,TURBINE-2,5.38,34.2,0.204
TEL-00228,TURBINE-2,22.61,4.4,0.269
TEL-00229,TURBINE-3,23.66,40.0,0.024
TEL-00230,TURBINE-4,5.21,0.6,0.069
TEL-00231,TURBINE-2,23.13,16.7,0.218
TEL-00232,TURBINE-1,28.42,1.2,0.203
TEL-00233,TURBINE-4,4.99,17.7,0.0
TEL-00234,TURBINE-4,23.13,23.7,0.251
TEL-00235,TURBINE-1,21.26,23.0,0.031
TEL-00236,TURBINE-2,14.21,7.5,0.151
TEL-00237,TURBINE-1,1.74,29.1,0.0
TEL-00238,TURBINE-4,2.24,2.0,0.069
TEL-00239,TURBINE-5,25.57,34.3,0.0
TEL-00240,TURBINE-5,29.7,42.6,0.0
TEL-00241,TURBINE-3,20.28,15.3,0.19
TEL-00242,TURBINE-1,13.38,23.3,0.052
TEL-00243,TURBINE-1,19.43,17.1,0.238
TEL-00244,TURBINE-3,17.83,0.3,0.311
TEL-00245,TURBINE-3,11.51,17.4,0.222
TEL-00246,TURBINE-3,1.97,35.6,0.086
TEL-00247,TURBINE-4,24.65,26.8,0.275
TEL-00248,TURBINE-1,11.16,4.6,0.0
TEL-00249,TURBINE-4,24.56,38.1,0.195
TEL-00250,TURBINE-3,7.58,23.9,0.029
TEL-00251,TURBINE-1,0.03,37.9,0.0
TEL-00252,TURBINE-4,4.77,26.1,0.065
TEL-00253,TURBINE-4,14.06,25.2,0.16
TEL-00254,TURBINE-3,28.33,4.7,0.0
TEL-00255,TURBINE-1,3.07,7.5,0.0
TEL-00256,TURBINE-3,25.63,43.7,0.0
TEL-00257,TURBINE-1,15.81,10.3,0.031
TEL-00258,TURBINE-5,24.78,44.0,0.0
TEL-00259,TURBINE-2,8.95,23.9,0.0
TEL-00260,TURBINE-2,25.2,6.1,0.0
TEL-00261,TURBINE-2,23.18,4.5,0.441
TEL-00262,TURBINE-3,6.9,9.4,0.178
TEL-00263,TURBINE-5,3.94,41.7,0.0
TEL-00264,TURBINE-1,26.04,18.6,0.055
TEL-00265,TURBINE-4,28.9,17.8,0.087
TEL-00266,TURBINE-1,0.94,14.1,0.0
TEL-00267,TURBINE-4,21.94,6.6,0.278
TEL-00268,TURBINE-1,27.29,22.0,0.253
TEL-00269,TURBINE-5,25.72,5.9,0.068
TEL-00270,TURBINE-4,28.94,37.6,0.0
TEL-00271,TURBINE-3,22.8,16.7,0.189
TEL-00272,TURBINE-1,13.27,16.9,0.0
TEL-00273,TURBINE-1,9.36,21.3,0.062
TEL-00274,TURBINE-4,9.62,20.0,0.212
TEL-00275,TURBINE-3,21.73,44.8,0.011
TEL-00276,TURBINE-3,22.38,24.5,0.002
TEL-00277,TURBINE-5,6.01,4.0,0.0
TEL-00278,TURBINE-3,26.04,27.3,0.088
TEL-00279,TURBINE-3,21.45,6.8,0.201
TEL-00280,TURBINE-3,16.88,1.4,0.048
TEL-00281,TURBINE-2,14.15,43.7,0.029
TEL-00282,TURBINE-5,16.3,34.8,0.08
TEL-00283,TURBINE-1,4.78,44.1,0.0
TEL-00284,TURBINE-4,6.11,21.5,0.0
TEL-00285,TURBINE-1,2.73,24.0,0.0
TEL-00286,TURBINE-5,4.61,7.6,0.0
TEL-00287,TURBINE-4,13.61,11.1,0.0
TEL-00288,TURBINE-5,15.91,37.7,0.142
TEL-00289,TURBINE-3,0.54,16.0,0.0
TEL-00290,TURBINE-4,23.9,37.2,0.0
TEL-00291,TURBINE-3,8.83,31.9,0.036
TEL-00292,TURBINE-1,27.36,8.0,0.073
TEL-00293,TURBINE-1,29.03,22.8,0.0
TEL-00294,TURBINE-4,5.56,30.5,0.0
TEL-00295,TURBINE-4,13.86,10.6,0.0
TEL-00296,TURBINE-5,0.04,37.4,0.0
TEL-00297,TURBINE-5,17.95,24.5,0.212
TEL-00298,TURBINE-3,18.22,7.4,0.137
TEL-00299,TURBINE-4,7.43,26.2,0.091
TEL-00300,TURBINE-1,16.75,45.0,0.0
TEL-00301,TURBINE-5,6.77,6.8,0.0
TEL-00302,TURBINE-5,4.82,36.8,0.097
TEL-00303,TURBINE-1,19.55,9.3,0.097
TEL-00304,TURBINE-5,9.78,35.2,0.113
TEL-00305,TURBINE-3,17.71,33.1,0.014
TEL-00306,TURBINE-4,13.0,13.5,0.016
TEL-00307,TURBINE-1,29.53,14.7,0.167
TEL-00308,TURBINE-4,4.49,35.7,0.0
TEL-00309,TURBINE-5,13.94,20.8,0.066
TEL-00310,TURBINE-5,20.41,32.9,0.18
TEL-00311,TURBINE-1,11.87,6.7,0.064
TEL-00312,TURBINE-3,29.24,38.4,0.026
TEL-00313,TURBINE-2,21.66,32.0,0.14
TEL-00314,TURBINE-1,19.71,40.8,0.0
TEL-00315,TURBINE-2,22.71,6.0,0.329
TEL-00316,TURBINE-2,28.58,26.7,0.0
TEL-00317,TURBINE-3,27.23,27.0,0.078
TEL-00318,TURBINE-2,21.73,15.9,0.353
TEL-00319,TURBINE-2,22.47,20.6,0.036
TEL-00320,TURBINE-3,4.38,1.7,0.14
TEL-00321,TURBINE-2,3.08,33.6,0.0
TEL-00322,TURBINE-2,17.13,24.7,0.074
TEL-00323,TURBINE-2,0.55,2.6,0.0
TEL-00324,TURBINE-1,14.47,30.6,0.064
TEL-00325,TURBINE-1,6.31,21.0,0.011
TEL-00326,TURBINE-1,10.38,1.6,0.138
TEL-00327,TURBINE-3,23.27,43.6,0.046
TEL-00328,TURBINE-5,28.24,42.7,0.166
TEL-00329,TURBINE-2,2.17,23.1,0.066
TEL-00330,TURBINE-2,16.03,4.2,0.115
TEL-00331,TURBINE-3,26.48,34.0,0.0
TEL-00332,TURBINE-2,2.48,22.1,0.0
TEL-00333,TURBINE-1,24.74,13.6,0.308
TEL-00334,TURBINE-5,10.73,22.1,0.04
TEL-00335,TURBINE-4,9.66,23.5,0.0
TEL-00336,TURBINE-2,29.32,25.3,0.0
TEL-00337,TURBINE-1,6.03,19.9,0.022
TEL-00338,TURBINE-4,20.8,27.3,0.063
TEL-00339,TURBINE-5,24.64,41.3,0.189
TEL-00340,TURBINE-4,1.24,16.3,0.0
TEL-00341,TURBINE-1,20.11,32.7,0.184
TEL-00342,TURBINE-4,28.55,40.3,0.099
TEL-00343,TURBINE-3,3.73,20.5,0.1
TEL-00344,TURBINE-4,26.89,20.0,0.032
TEL-00345,TURBINE-2,17.84,27.1,0.136
TEL-00346,TURBINE-2,18.5,26.6,0.073
TEL-00347,TURBINE-3,18.39,36.3,0.146
TEL-00348,TURBINE-1,8.97,21.4,0.093
TEL-00349,TURBINE-2,28.06,44.8,0.0
TEL-00350,TURBINE-5,28.42,2.7,0.038
TEL-00351,TURBINE-2,18.76,0.1,0.319
TEL-00352,TURBINE-2,23.5,28.8,0.168
TEL-00353,TURBINE-1,18.37,13.4,0.079
TEL-00354,TURBINE-4,14.53,10.8,0.029
TEL-00355,TURBINE-2,19.82,14.0,0.019
TEL-00356,TURBINE-3,16.59,11.5,0.117
TEL-00357,TURBINE-4,17.92,1.4,0.158
TEL-00358,TURBINE-5,23.51,43.7,0.143
TEL-00359,TURBINE-1,14.43,9.9,0.112
TEL-00360,TURBINE-5,1.22,33.0,0.0
TEL-00361,TURBINE-4,4.92,34.3,0.029
TEL-00362,TURBINE-4,13.16,41.8,0.068
TEL-00363,TURBINE-4,21.74,1.4,0.228
TEL-00364,TURBINE-5,17.8,39.2,0.106
TEL-00365,TURBINE-4,19.51,23.7,0.14
TEL-00366,TURBINE-5,14.38,28.5,0.0
TEL-00367,TURBINE-4,18.47,29.0,0.126
TEL-00368,TURBINE-3,9.87,36.9,0.0
TEL-00369,TURBINE-4,14.11,15.0,0.13
TEL-00370,TURBINE-5,22.33,33.0,0.131
TEL-00371,TURBINE-2,26.15,23.8,0.0
TEL-00372,TURBINE-4,13.01,35.7,0.055
TEL-00373,TURBINE-2,1.31,44.6,0.023
TEL-00374,TURBINE-3,4.85,9.0,0.0
TEL-00375,TURBINE-1,0.63,44.8,0.075
TEL-00376,TURBINE-3,19.6,4.0,0.265
TEL-00377,TURBINE-4,9.97,0.1,0.0
TEL-00378,TURBINE-2,16.27,2.0,0.049
TEL-00379,TURBINE-2,14.8,15.4,0.055
TEL-00380,TURBINE-5,2.45,28.5,0.0
TEL-00381,TURBINE-2,12.1,3.1,0.111
TEL-00382,TURBINE-5,6.62,0.3,0.023
TEL-00383,TURBINE-1,12.55,42.2,0.0
TEL-00384,TURBINE-4,6.11,37.0,0.0
TEL-00385,TURBINE-5,25.21,36.4,0.119
TEL-00386,TURBINE-1,5.23,39.8,0.155
TEL-00387,TURBINE-2,28.82,31.5,0.054
TEL-00388,TURBINE-2,12.48,4.7,0.029
TEL-00389,TURBINE-1,25.39,18.0,0.0
TEL-00390,TURBINE-2,18.86,32.5,0.15
TEL-00391,TURBINE-1,22.06,12.6,0.248
TEL-00392,TURBINE-5,23.03,30.9,0.02
TEL-00393,TURBINE-5,15.15,1.1,0.197
TEL-00394,TURBINE-1,16.3,13.8,0.229
TEL-00395,TURBINE-5,15.42,24.7,0.137
TEL-00396,TURBINE-5,17.64,28.4,0.0
TEL-00397,TURBINE-5,0.88,26.0,0.0
TEL-00398,TURBINE-3,11.87,31.4,0.0
TEL-00399,TURBINE-4,18.19,0.3,0.325
TEL-00400,TURBINE-2,17.93,4.5,0.112
TEL-00401,TURBINE-3,23.79,39.1,0.387
TEL-00402,TURBINE-5,19.65,30.7,0.308
TEL-00403,TURBINE-1,29.76,5.1,0.0
TEL-00404,TURBINE-5,8.52,37.9,0.0
TEL-00405,TURBINE-4,10.77,10.9,0.075
TEL-00406,TURBINE-5,11.52,21.5,0.0
TEL-00407,TURBINE-1,13.97,6.5,0.024
TEL-00408,TURBINE-4,25.08,32.0,0.0
TEL-00409,TURBINE-5,7.07,30.0,0.19
TEL-00410,TURBINE-4,23.28,9.5,0.314
TEL-00411,TURBINE-2,12.16,38.9,0.0
TEL-00412,TURBINE-2,18.06,18.1,0.055
TEL-00413,TURBINE-5,18.98,13.2,0.241
TEL-00414,TURBINE-4,11.19,6.9,0.0
TEL-00415,TURBINE-1,15.38,12.0,0.077
TEL-00416,TURBINE-5,12.39,1.0,0.0
TEL-00417,TURBINE-2,2.07,26.2,0.0
TEL-00418,TURBINE-2,13.11,37.9,0.0
TEL-00419,TURBINE-5,2.92,24.7,0.0
TEL-00420,TURBINE-4,12.15,9.9,0.016
TEL-00421,TURBINE-2,17.79,1.5,0.13
TEL-00422,TURBINE-4,17.38,9.7,0.115
TEL-00423,TURBINE-2,19.88,18.7,0.107
TEL-00424,TURBINE-2,2.86,34.2,0.135
TEL-00425,TURBINE-3,19.56,8.5,0.275
TEL-00426,TURBINE-2,9.36,32.4,0.0
TEL-00427,TURBINE-1,11.97,39.0,0.045
TEL-00428,TURBINE-5,25.74,20.4,0.0
TEL-00429,TURBINE-5,0.27,37.0,0.0
TEL-00430,TURBINE-4,17.65,25.0,0.097
TEL-00431,TURBINE-2,17.96,28.7,0.121
TEL-00432,TURBINE-1,11.9,23.7,0.0
TEL-00433,TURBINE-4,7.11,20.8,0.057
TEL-00434,TURBINE-3,7.04,10.6,0.0
TEL-00435,TURBINE-4,26.51,13.6,0.034
TEL-00436,TURBINE-4,13.26,13.0,0.027
TEL-00437,TURBINE-2,9.93,25.3,0.142
TEL-00438,TURBINE-3,13.46,5.4,0.084
TEL-00439,TURBINE-4,20.08,41.3,0.185
TEL-00440,TURBINE-1,4.37,32.4,0.11
TEL-00441,TURBINE-1,13.48,18.1,0.0
TEL-00442,TURBINE-5,17.64,7.1,0.061
TEL-00443,TURBINE-3,28.46,39.7,0.045
TEL-00444,TURBINE-3,7.58,37.1,0.0
TEL-00445,TURBINE-5,10.78,32.5,0.0
TEL-00446,TURBINE-4,11.38,12.2,0.162
TEL-00447,TURBINE-3,18.17,18.1,0.089
TEL-00448,TURBINE-1,10.7,4.6,0.0
TEL-00449,TURBINE-1,16.01,8.5,0.015
TEL-00450,TURBINE-2,23.45,35.2,0.386
TEL-00451,TURBINE-3,21.16,32.2,0.117
TEL-00452,TURBINE-4,13.39,26.7,0.0
TEL-00453,TURBINE-5,25.93,40.3,0.0
TEL-00454,TURBINE-5,16.74,26.2,0.016
TEL-00455,TURBINE-4,16.2,21.0,0.061
TEL-00456,TURBINE-2,1.03,15.3,0.095
TEL-00457,TURBINE-5,29.6,42.3,0.085
TEL-00458,TURBINE-3,3.69,3.7,0.001
TEL-00459,TURBINE-2,6.93,41.9,0.0
TEL-00460,TURBINE-3,1.55,37.2,0.034
TEL-00461,TURBINE-1,19.2,5.8,0.003
TEL-00462,TURBINE-2,6.74,25.4,0.203
TEL-00463,TURBINE-5,5.4,39.0,0.067
TEL-00464,TURBINE-2,2.66,25.7,0.087
TEL-00465,TURBINE-2,3.1,40.8,0.0
TEL-00466,TURBINE-2,17.54,42.4,0.182
TEL-00467,TURBINE-2,20.65,19.0,0.128
TEL-00468,TURBINE-3,11.92,17.0,0.0
TEL-00469,TURBINE-1,14.4,42.1,0.026
TEL-00470,TURBINE-4,20.58,30.4,0.124
TEL-00471,TURBINE-2,0.52,5.2,0.0
TEL-00472,TURBINE-5,9.69,1.9,0.0
TEL-00473,TURBINE-2,29.19,25.4,0.0
TEL-00474,TURBINE-5,17.4,41.9,0.0
TEL-00475,TURBINE-3,7.63,38.0,0.0
TEL-00476,TURBINE-5,15.65,30.4,0.0
TEL-00477,TURBINE-4,10.28,6.3,0.0
TEL-00478,TURBINE-1,15.97,11.4,0.198
TEL-00479,TURBINE-5,3.77,39.4,0.083
TEL-00480,TURBINE-5,3.98,8.2,0.0
TEL-00481,TURBINE-1,4.31,12.5,0.098
TEL-00482,TURBINE-4,28.19,5.8,0.0
TEL-00483,TURBINE-2,21.99,30.4,0.402
TEL-00484,TURBINE-5,4.87,42.5,0.131
TEL-00485,TURBINE-1,5.65,12.1,0.0
TEL-00486,TURBINE-3,21.92,21.4,0.235
TEL-00487,TURBINE-1,4.68,28.5,0.0
TEL-00488,TURBINE-3,7.04,45.0,0.009
TEL-00489,TURBINE-4,28.9,4.7,0.0
TEL-00490,TURBINE-2,7.66,22.4,0.0
TEL-00491,TURBINE-1,19.85,17.3,0.113
TEL-00492,TURBINE-5,29.36,39.0,0.0
TEL-00493,TURBINE-4,11.23,21.4,0.0
TEL-00494,TURBINE-1,0.53,5.0,0.0
TEL-00495,TURBINE-5,7.32,28.5,0.0
TEL-00496,TURBINE-1,24.93,34.7,0.291
TEL-00497,TURBINE-3,25.94,0.1,0.0
TEL-00498,TURBINE-1,23.06,38.7,0.02
TEL-00499,TURBINE-1,3.39,8.4,0.084
TEL-00500,TURBINE-1,23.87,24.8,0.272
TEL-00501,TURBINE-4,27.56,18.7,0.08
TEL-00502,TURBINE-1,18.02,32.4,0.175
TEL-00503,TURBINE-5,28.23,16.7,0.194
TEL-00504,TURBINE-3,24.81,39.1,0.158
TEL-00505,TURBINE-3,20.01,32.9,0.0
TEL-00506,TURBINE-1,17.32,29.1,0.108
TEL-00507,TURBINE-4,10.46,35.8,0.0
TEL-00508,TURBINE-4,4.78,33.9,0.0
TEL-00509,TURBINE-5,18.15,1.6,0.171
TEL-00510,TURBINE-1,9.54,17.8,0.104
TEL-00511,TURBINE-3,25.99,41.9,0.0
TEL-00512,TURBINE-4,29.8,5.7,0.127
TEL-00513,TURBINE-1,22.57,33.2,0.06
TEL-00514,TURBINE-4,2.71,43.9,0.0
TEL-00515,TURBINE-4,8.66,2.3,0.056
TEL-00516,TURBINE-3,3.27,30.7,0.0
TEL-00517,TURBINE-2,19.52,21.1,0.0
TEL-00518,TURBINE-5,22.96,26.1,0.296
TEL-00519,TURBINE-5,27.77,3.8,0.0
TEL-00520,TURBINE-3,13.15,1.9,0.135
TEL-00521,TURBINE-4,27.04,30.0,0.0
TEL-00522,TURBINE-1,26.34,37.0,0.0
TEL-00523,TURBINE-4,9.52,35.2,0.097
TEL-00524,TURBINE-3,26.07,24.5,0.034
TEL-00525,TURBINE-5,11.27,4.5,0.0
TEL-00526,TURBINE-4,8.91,31.0,0.046
TEL-00527,TURBINE-5,19.47,10.9,0.075
TEL-00528,TURBINE-1,9.85,41.0,0.021
TEL-00529,TURBINE-5,18.91,37.7,0.094
TEL-00530,TURBINE-5,18.29,31.9,0.051
TEL-00531,TURBINE-2,16.9,42.7,0.0
TEL-00532,TURBINE-2,11.41,1.4,0.047
TEL-00533,TURBINE-2,16.45,33.1,0.056
TEL-00534,TURBINE-5,17.89,14.9,0.076
TEL-00535,TURBINE-3,16.37,40.8,0.0
TEL-00536,TURBINE-5,13.33,12.0,0.055
TEL-00537,TURBINE-3,0.44,32.6,0.0
TEL-00538,TURBINE-3,17.61,39.5,0.0
TEL-00539,TURBINE-2,5.05,1.9,0.008
TEL-00540,TURBINE-4,19.28,17.9,0.305
TEL-00541,TURBINE-1,22.78,34.3,0.122
TEL-00542,TURBINE-2,15.01,20.5,0.214
TEL-00543,TURBINE-2,16.27,12.0,0.309
TEL-00544,TURBINE-4,28.54,9.9,0.0
TEL-00545,TURBINE-1,25.42,5.9,0.001
TEL-00546,TURBINE-5,27.43,38.6,0.21
TEL-00547,TURBINE-5,24.41,25.9,0.233
TEL-00548,TURBINE-2,3.27,3.4,0.004
TEL-00549,TURBINE-1,4.47,17.2,0.0
TEL-00550,TURBINE-2,15.8,16.5,0.029
TEL-00551,TURBINE-3,7.38,8.2,0.065
TEL-00552,TURBINE-2,14.3,19.6,0.3
TEL-00553,TURBINE-2,11.83,14.9,0.016
TEL-00554,TURBINE-5,16.48,15.4,0.0
TEL-00555,TURBINE-5,22.41,33.3,0.015
TEL-00556,TURBINE-5,21.46,10.0,0.228
TEL-00557,TURBINE-3,15.64,28.9,0.177
TEL-00558,TURBINE-5,24.67,25.7,0.318
TEL-00559,TURBINE-1,12.93,25.6,0.083
TEL-00560,TURBINE-4,26.9,29.8,0.131
TEL-00561,TURBINE-1,2.14,24.7,0.0
TEL-00562,TURBINE-1,28.64,39.6,0.002
TEL-00563,TURBINE-5,19.64,30.4,0.062
TEL-00564,TURBINE-4,11.4,24.6,0.0
TEL-00565,TURBINE-4,5.91,37.3,0.0
TEL-00566,TURBINE-4,14.38,27.3,0.014
TEL-00567,TURBINE-3,5.84,13.1,0.002
TEL-00568,TURBINE-5,4.99,9.3,0.0
TEL-00569,TURBINE-4,18.52,6.9,0.141
TEL-00570,TURBINE-3,15.69,40.5,0.082
TEL-00571,TURBINE-2,20.1,32.0,0.24
TEL-00572,TURBINE-2,27.89,42.2,0.131
TEL-00573,TURBINE-3,15.97,27.1,0.143
TEL-00574,TURBINE-3,17.43,21.3,0.0
TEL-00575,TURBINE-5,2.69,2.7,0.0
TEL-00576,TURBINE-5,21.53,30.2,0.123
TEL-00577,TURBINE-2,12.0,26.2,0.0
TEL-00578,TURBINE-4,29.3,44.6,0.034
TEL-00579,TURBINE-2,24.7,10.8,0.189
TEL-00580,TURBINE-4,15.67,23.9,0.237
TEL-00581,TURBINE-4,3.7,29.3,0.12
TEL-00582,TURBINE-5,25.78,29.0,0.048
TEL-00583,TURBINE-1,23.99,25.3,0.23
TEL-00584,TURBINE-1,5.54,35.0,0.125
TEL-00585,TURBINE-3,8.86,9.2,0.085
TEL-00586,TURBINE-5,23.8,32.7,0.3
TEL-00587,TURBINE-4,5.56,27.9,0.0
TEL-00588,TURBINE-1,27.53,40.3,0.179
TEL-00589,TURBINE-4,12.74,38.1,0.141
TEL-00590,TURBINE-1,2.61,14.2,0.051
TEL-00591,TURBINE-1,24.47,12.4,0.454
TEL-00592,TURBINE-1,11.21,44.2,0.0
TEL-00593,TURBINE-5,15.79,23.7,0.0
TEL-00594,TURBINE-2,3.37,40.8,0.032
TEL-00595,TURBINE-4,0.08,7.4,0.0
TEL-00596,TURBINE-5,19.14,28.9,0.09
TEL-00597,TURBINE-5,15.46,36.4,0.168
TEL-00598,TURBINE-5,17.81,42.6,0.073
TEL-00599,TURBINE-5,23.81,15.2,0.314
TEL-00600,TURBINE-5,19.4,32.6,0.07
TEL-00601,TURBINE-3,5.24,24.2,0.091
TEL-00602,TURBINE-4,10.82,2.7,0.104
TEL-00603,TURBINE-5,27.18,31.0,0.087
TEL-00604,TURBINE-4,23.1,31.1,0.132
TEL-00605,TURBINE-3,16.7,41.9,0.178
TEL-00606,TURBINE-3,7.67,22.4,0.192
TEL-00607,TURBINE-4,9.06,10.4,0.102
TEL-00608,TURBINE-1,21.96,2.0,0.202
TEL-00609,TURBINE-2,25.54,18.7,0.0
TEL-00610,TURBINE-1,20.14,13.6,0.142
TEL-00611,TURBINE-1,24.29,34.2,0.136
TEL-00612,TURBINE-1,23.0,15.9,0.248
TEL-00613,TURBINE-5,4.49,42.7,0.064
TEL-00614,TURBINE-3,12.72,43.3,0.049
TEL-00615,TURBINE-1,4.59,27.9,0.022
TEL-00616,TURBINE-3,7.06,41.8,0.0
TEL-00617,TURBINE-4,26.08,34.2,0.0
TEL-00618,TURBINE-2,14.19,24.6,0.129
TEL-00619,TURBINE-4,16.06,8.1,0.0
TEL-00620,TURBINE-4,5.35,20.6,0.002
TEL-00621,TURBINE-5,9.37,25.2,0.043
TEL-00622,TURBINE-2,6.91,38.9,0.082
TEL-00623,TURBINE-4,6.19,21.7,0.0
TEL-00624,TURBINE-4,19.14,40.4,0.0
TEL-00625,TURBINE-2,7.71,30.3,0.065
TEL-00626,TURBINE-2,18.96,6.2,0.0
TEL-00627,TURBINE-4,1.75,44.8,0.133
TEL-00628,TURBINE-2,4.25,23.7,0.024
TEL-00629,TURBINE-4,8.24,17.6,0.167
TEL-00630,TURBINE-4,17.91,29.7,0.0
TEL-00631,TURBINE-5,20.28,4.9,0.169
TEL-00632,TURBINE-1,13.28,28.6,0.0
TEL-00633,TURBINE-4,13.37,22.4,0.0
TEL-00634,TURBINE-3,21.74,18.3,0.187
TEL-00635,TURBINE-1,0.47,42.9,0.0
TEL-00636,TURBINE-1,10.23,23.5,0.0
TEL-00637,TURBINE-1,24.56,9.9,0.149
TEL-00638,TURBINE-5,18.1,20.7,0.087
TEL-00639,TURBINE-4,10.12,41.4,0.126
TEL-00640,TURBINE-5,27.17,7.9,0.0
TEL-00641,TURBINE-4,23.18,9.6,0.46
TEL-00642,TURBINE-5,7.95,0.6,0.092
TEL-00643,TURBINE-5,19.36,0.6,0.333
TEL-00644,TURBINE-3,17.87,37.3,0.0
TEL-00645,TURBINE-5,12.04,32.9,0.0
TEL-00646,TURBINE-2,11.01,16.0,0.063
TEL-00647,TURBINE-3,10.31,31.4,0.0
TEL-00648,TURBINE-5,18.51,17.8,0.175
TEL-00649,TURBINE-1,13.27,42.9,0.0
TEL-00650,TURBINE-2,24.96,43.5,0.282
TEL-00651,TURBINE-2,20.09,17.7,0.232
TEL-00652,TURBINE-2,2.1,38.4,0.11
TEL-00653,TURBINE-3,19.21,34.8,0.018
TEL-00654,TURBINE-5,8.13,13.9,0.117
TEL-00655,TURBINE-5,17.78,10.4,0.275
TEL-00656,TURBINE-1,20.4,20.6,0.158
TEL-00657,TURBINE-1,6.92,35.2,0.0
TEL-00658,TURBINE-2,13.71,43.2,0.0
TEL-00659,TURBINE-1,5.71,34.4,0.126
TEL-00660,TURBINE-3,1.57,38.5,0.268
TEL-00661,TURBINE-5,11.35,27.1,0.0
TEL-00662,TURBINE-2,10.89,37.6,0.0
TEL-00663,TURBINE-1,29.86,35.3,0.092
TEL-00664,TURBINE-3,13.39,17.0,0.0
TEL-00665,TURBINE-3,10.01,24.8,0.119
TEL-00666,TURBINE-1,17.41,36.2,0.113
TEL-00667,TURBINE-5,2.66,2.1,0.0
TEL-00668,TURBINE-1,28.85,36.4,0.044
TEL-00669,TURBINE-2,19.05,8.0,0.206
TEL-00670,TURBINE-1,22.65,23.2,0.191
TEL-00671,TURBINE-3,5.11,36.4,0.0
TEL-00672,TURBINE-1,12.28,11.4,0.06
TEL-00673,TURBINE-5,12.68,11.1,0.204
TEL-00674,TURBINE-4,24.65,18.1,0.14
TEL-00675,TURBINE-1,0.04,40.3,0.0
TEL-00676,TURBINE-5,9.03,0.0,0.063
TEL-00677,TURBINE-5,29.44,40.6,0.004
TEL-00678,TURBINE-3,14.25,6.9,0.113
TEL-00679,TURBINE-5,11.48,44.6,0.0
TEL-00680,TURBINE-5,3.59,43.0,0.117
TEL-00681,TURBINE-5,29.22,22.3,0.005
TEL-00682,TURBINE-5,0.6,23.1,0.07
TEL-00683,TURBINE-2,22.12,21.7,0.233
TEL-00684,TURBINE-2,23.06,28.6,0.211
TEL-00685,TURBINE-3,7.31,4.1,0.073
TEL-00686,TURBINE-1,20.15,1.5,0.239
TEL-00687,TURBINE-5,2.79,2.6,0.0
TEL-00688,TURBINE-1,7.71,20.0,0.118
TEL-00689,TURBINE-1,23.64,12.4,0.378
TEL-00690,TURBINE-3,25.94,28.0,0.0
TEL-00691,TURBINE-5,18.25,44.7,0.0
TEL-00692,TURBINE-5,15.21,17.4,0.176
TEL-00693,TURBINE-4,4.78,25.8,0.0
TEL-00694,TURBINE-1,1.89,18.7,0.094
TEL-00695,TURBINE-1,3.53,38.1,0.0
TEL-00696,TURBINE-2,6.82,40.6,0.137
TEL-00697,TURBINE-4,10.25,39.5,0.012
TEL-00698,TURBINE-2,11.43,43.8,0.0
TEL-00699,TURBINE-2,10.39,1.2,0.061
TEL-00700,TURBINE-2,7.17,37.8,0.001
TEL-00701,TURBINE-3,15.29,33.8,0.0
TEL-00702,TURBINE-3,24.76,10.3,0.576
TEL-00703,TURBINE-2,8.39,43.0,0.0
TEL-00704,TURBINE-4,28.27,6.7,0.0
TEL-00705,TURBINE-1,26.2,30.6,0.158
TEL-00706,TURBINE-4,4.85,10.1,0.0
TEL-00707,TURBINE-5,23.59,19.4,0.227
TEL-00708,TURBINE-3,17.24,32.4,0.037
TEL-00709,TURBINE-1,17.0,25.3,0.027
TEL-00710,TURBINE-1,11.73,19.2,0.0
TEL-00711,TURBINE-5,15.03,14.7,0.0
TEL-00712,TURBINE-5,11.92,37.8,0.027
TEL-00713,TURBINE-2,16.19,6.5,0.065
TEL-00714,TURBINE-3,18.84,19.4,0.204
TEL-00715,TURBINE-3,20.23,40.7,0.137
TEL-00716,TURBINE-4,15.97,38.1,0.0
TEL-00717,TURBINE-2,21.64,18.0,0.215
TEL-00718,TURBINE-2,4.24,34.3,0.0
TEL-00719,TURBINE-2,6.36,37.0,0.0
TEL-00720,TURBINE-2,24.56,40.0,0.232
TEL-00721,TURBINE-3,9.68,24.5,0.004
TEL-00722,TURBINE-3,0.69,9.2,0.0
TEL-00723,TURBINE-2,4.61,11.5,0.0
TEL-00724,TURBINE-4,6.71,13.3,0.0
TEL-00725,TURBINE-1,28.72,26.7,0.199
TEL-00726,TURBINE-1,17.19,1.5,0.17
TEL-00727,TURBINE-4,27.98,28.6,0.0
TEL-00728,TURBINE-2,17.25,16.4,0.135
TEL-00729,TURBINE-3,14.38,13.3,0.172
TEL-00730,TURBINE-1,9.41,39.6,0.026
TEL-00731,TURBINE-5,18.19,20.7,0.252
TEL-00732,TURBINE-5,4.18,4.3,0.0
TEL-00733,TURBINE-4,26.95,37.2,0.0
TEL-00734,TURBINE-2,24.88,2.1,0.437
TEL-00735,TURBINE-1,9.53,32.7,0.04
TEL-00736,TURBINE-2,28.58,34.8,0.0
TEL-00737,TURBINE-1,24.76,15.9,0.256
TEL-00738,TURBINE-4,19.99,37.1,0.0
TEL-00739,TURBINE-4,3.65,23.2,0.0
TEL-00740,TURBINE-5,14.35,20.8,0.0
TEL-00741,TURBINE-2,15.18,2.0,0.153
TEL-00742,TURBINE-5,6.98,13.1,0.0
TEL-00743,TURBINE-2,2.4,41.9,0.0
TEL-00744,TURBINE-5,23.3,17.6,0.095
TEL-00745,TURBINE-3,3.66,24.6,0.128
TEL-00746,TURBINE-3,17.83,23.9,0.144
TEL-00747,TURBINE-3,28.09,26.6,0.0
TEL-00748,TURBINE-3,26.28,2.8,0.0
TEL-00749,TURBINE-1,8.33,16.3,0.065
TEL-00750,TURBINE-3,25.54,32.5,0.128
TEL-00751,TURBINE-4,0.01,9.0,0.084
TEL-00752,TURBINE-4,0.53,9.2,0.0
TEL-00753,TURBINE-1,18.08,0.5,0.0
TEL-00754,TURBINE-3,10.94,19.7,0.112
TEL-00755,TURBINE-3,11.59,39.7,0.0
TEL-00756,TURBINE-3,16.93,2.3,0.136
TEL-00757,TURBINE-5,5.75,8.6,0.0
TEL-00758,TURBINE-2,6.35,14.0,0.0
TEL-00759,TURBINE-5,14.54,32.9,0.079
TEL-00760,TURBINE-2,22.63,28.8,0.204
TEL-00761,TURBINE-3,18.58,18.7,0.085
TEL-00762,TURBINE-3,8.92,34.2,0.057
TEL-00763,TURBINE-5,12.91,27.4,0.0
TEL-00764,TURBINE-5,5.12,40.3,0.0
TEL-00765,TURBINE-2,2.24,36.8,0.003
TEL-00766,TURBINE-4,23.48,11.4,0.122
TEL-00767,TURBINE-2,7.96,12.2,0.006
TEL-00768,TURBINE-5,5.33,5.6,0.077
TEL-00769,TURBINE-5,20.75,15.2,0.16
TEL-00770,TURBINE-1,18.54,45.0,0.054
TEL-00771,TURBINE-5,19.0,18.3,0.193
TEL-00772,TURBINE-1,6.87,9.9,0.0
TEL-00773,TURBINE-4,6.98,34.3,0.0
TEL-00774,TURBINE-2,6.62,24.4,0.0
TEL-00775,TURBINE-2,5.21,6.7,0.002
TEL-00776,TURBINE-1,19.67,17.1,0.122
TEL-00777,TURBINE-2,25.44,18.7,0.05
TEL-00778,TURBINE-5,21.73,33.9,0.195
TEL-00779,TURBINE-3,23.76,0.9,0.444
TEL-00780,TURBINE-1,12.14,12.1,0.0
TEL-00781,TURBINE-2,19.62,23.3,0.0
TEL-00782,TURBINE-1,10.63,12.1,0.101
TEL-00783,TURBINE-1,15.77,28.3,0.105
TEL-00784,TURBINE-3,14.45,21.7,0.0
TEL-00785,TURBINE-5,5.31,16.3,0.059
TEL-00786,TURBINE-1,11.61,42.7,0.0
TEL-00787,TURBINE-2,28.91,28.4,0.103
TEL-00788,TURBINE-4,7.46,5.8,0.0
TEL-00789,TURBINE-1,4.01,25.2,0.0
TEL-00790,TURBINE-1,12.56,35.1,0.0
TEL-00791,TURBINE-3,23.71,31.9,0.168
TEL-00792,TURBINE-5,17.46,7.7,0.129
TEL-00793,TURBINE-4,20.43,43.8,0.085
TEL-00794,TURBINE-2,5.69,20.2,0.0
TEL-00795,TURBINE-4,18.57,7.2,0.177
TEL-00796,TURBINE-2,9.71,8.1,0.023
TEL-00797,TURBINE-5,25.03,4.4,0.0
TEL-00798,TURBINE-2,18.88,36.2,0.005
TEL-00799,TURBINE-3,5.97,5.5,0.066
TEL-00800,TURBINE-3,1.94,5.6,0.052
TEL-00801,TURBINE-3,1.28,38.3,0.006
TEL-00802,TURBINE-3,11.14,15.5,0.122
TEL-00803,TURBINE-4,7.98,1.4,0.0
TEL-00804,TURBINE-5,19.38,2.3,0.137
TEL-00805,TURBINE-2,14.98,6.4,0.0
TEL-00806,TURBINE-2,7.98,9.6,0.238
TEL-00807,TURBINE-3,4.48,29.9,0.073
TEL-00808,TURBINE-3,3.82,7.1,0.0
TEL-00809,TURBINE-1,25.94,5.3,0.078
TEL-00810,TURBINE-5,7.3,34.4,0.117
TEL-00811,TURBINE-4,19.55,30.2,0.223
TEL-00812,TURBINE-2,24.32,19.6,0.372
TEL-00813,TURBINE-1,18.42,24.7,0.082
TEL-00814,TURBINE-1,25.79,14.0,0.0
TEL-00815,TURBINE-2,11.77,21.7,0.0
TEL-00816,TURBINE-4,28.69,22.8,0.05
TEL-00817,TURBINE-1,3.99,17.4,0.0
TEL-00818,TURBINE-1,3.06,40.8,0.0
TEL-00819,TURBINE-5,19.76,0.7,0.163
TEL-00820,TURBINE-4,28.28,35.2,0.145
TEL-00821,TURBINE-1,24.27,5.6,0.456
TEL-00822,TURBINE-4,2.29,35.9,0.183
TEL-00823,TURBINE-2,8.38,27.7,0.062
TEL-00824,TURBINE-3,27.91,37.9,0.006
TEL-00825,TURBINE-1,7.59,4.4,0.009
TEL-00826,TURBINE-5,23.44,25.2,0.119
TEL-00827,TURBINE-2,24.75,22.5,0.151
TEL-00828,TURBINE-4,14.86,31.8,0.098
TEL-00829,TURBINE-2,11.59,24.0,0.0
TEL-00830,TURBINE-1,13.5,24.3,0.064
TEL-00831,TURBINE-4,6.81,19.3,0.118
TEL-00832,TURBINE-3,26.68,13.9,0.0
TEL-00833,TURBINE-2,13.52,21.7,0.247
TEL-00834,TURBINE-1,26.47,5.3,0.0
TEL-00835,TURBINE-5,3.17,43.3,0.099
TEL-00836,TURBINE-4,29.65,32.1,0.042
TEL-00837,TURBINE-2,13.3,42.9,0.143
TEL-00838,TURBINE-2,1.43,10.2,0.0
TEL-00839,TURBINE-3,1.14,39.6,0.231
TEL-00840,TURBINE-3,22.39,36.4,0.123
TEL-00841,TURBINE-5,19.77,30.5,0.183
TEL-00842,TURBINE-5,24.06,28.1,0.367
TEL-00843,TURBINE-1,3.16,14.2,0.0
TEL-00844,TURBINE-1,1.07,36.7,0.083
TEL-00845,TURBINE-5,15.26,22.6,0.0
TEL-00846,TURBINE-5,11.63,3.2,0.181
TEL-00847,TURBINE-4,13.86,14.1,0.0
TEL-00848,TURBINE-3,29.75,42.1,0.004
TEL-00849,TURBINE-1,29.12,38.3,0.031
TEL-00850,TURBINE-3,28.27,44.2,0.078
TEL-00851,TURBINE-3,23.52,28.3,0.403
TEL-00852,TURBINE-5,10.65,11.1,0.0
TEL-00853,TURBINE-4,12.36,7.3,0.16
TEL-00854,TURBINE-2,16.49,8.4,0.305
TEL-00855,TURBINE-4,24.92,0.9,0.437
TEL-00856,TURBINE-4,2.06,17.6,0.0
TEL-00857,TURBINE-3,12.73,8.6,0.0
TEL-00858,TURBINE-4,2.48,18.5,0.188
TEL-00859,TURBINE-1,15.44,42.1,0.013
TEL-00860,TURBINE-3,26.97,19.4,0.0
TEL-00861,TURBINE-1,23.47,39.5,0.009
TEL-00862,TURBINE-2,6.84,27.2,0.0
TEL-00863,TURBINE-3,29.28,11.1,0.092
TEL-00864,TURBINE-2,20.02,16.0,0.274
TEL-00865,TURBINE-3,0.31,3.8,0.065
TEL-00866,TURBINE-5,7.66,15.0,0.023
TEL-00867,TURBINE-4,7.82,30.5,0.0
TEL-00868,TURBINE-5,2.08,3.2,0.0
TEL-00869,TURBINE-2,28.79,9.2,0.0
TEL-00870,TURBINE-4,14.35,17.2,0.118
TEL-00871,TURBINE-3,26.87,44.2,0.0
TEL-00872,TURBINE-4,9.67,35.3,0.0
TEL-00873,TURBINE-1,3.76,33.0,0.0
TEL-00874,TURBINE-4,14.23,5.2,0.0
TEL-00875,TURBINE-1,3.42,35.1,0.005
TEL-00876,TURBINE-4,14.58,35.3,0.029
TEL-00877,TURBINE-1,27.61,27.0,0.118
TEL-00878,TURBINE-2,15.62,44.6,0.0
TEL-00879,TURBINE-5,18.49,14.6,0.006
TEL-00880,TURBINE-3,4.7,42.4,0.0
TEL-00881,TURBINE-4,1.31,41.2,0.0
TEL-00882,TURBINE-5,3.32,0.5,0.004
TEL-00883,TURBINE-3,17.96,20.3,0.0
TEL-00884,TURBINE-3,2.85,44.0,0.0
TEL-00885,TURBINE-1,11.28,4.6,0.0
TEL-00886,TURBINE-2,16.5,24.7,0.135
TEL-00887,TURBINE-2,11.66,44.1,0.0
TEL-00888,TURBINE-5,4.91,25.0,0.0
TEL-00889,TURBINE-2,8.21,8.5,0.0
TEL-00890,TURBINE-4,27.85,26.2,0.032
TEL-00891,TURBINE-2,20.28,9.2,0.171
TEL-00892,TURBINE-5,14.88,23.4,0.0
TEL-00893,TURBINE-2,0.38,3.3,0.0
TEL-00894,TURBINE-4,29.77,27.2,0.011
TEL-00895,TURBINE-1,20.14,23.3,0.058
TEL-00896,TURBINE-5,9.51,33.3,0.0
TEL-00897,TURBINE-1,26.38,28.4,0.075
TEL-00898,TURBINE-1,7.75,24.7,0.0
TEL-00899,TURBINE-1,16.32,31.0,0.06
TEL-00900,TURBINE-3,19.08,6.5,0.0
TEL-00901,TURBINE-3,6.63,26.8,0.028
TEL-00902,TURBINE-1,29.35,7.7,0.0
TEL-00903,TURBINE-5,22.45,41.6,0.219
TEL-00904,TURBINE-4,16.73,3.1,0.0
TEL-00905,TURBINE-4,5.42,19.4,0.047
TEL-00906,TURBINE-2,1.62,31.3,0.122
TEL-00907,TURBINE-5,9.6,20.6,0.0
TEL-00908,TURBINE-3,22.6,4.1,0.212
TEL-00909,TURBINE-1,8.08,24.9,0.0
TEL-00910,TURBINE-2,16.19,28.9,0.018
TEL-00911,TURBINE-4,21.84,31.7,0.202
TEL-00912,TURBINE-3,3.24,16.8,0.0
TEL-00913,TURBINE-3,20.56,25.4,0.036
TEL-00914,TURBINE-1,2.76,20.3,0.0
TEL-00915,TURBINE-4,28.95,30.2,0.16
TEL-00916,TURBINE-5,14.65,26.3,0.221
TEL-00917,TURBINE-3,4.52,23.7,0.058
TEL-00918,TURBINE-1,10.27,11.2,0.0
TEL-00919,TURBINE-5,12.4,0.1,0.127
TEL-00920,TURBINE-4,22.75,7.8,0.381
TEL-00921,TURBINE-3,22.3,5.3,0.256
TEL-00922,TURBINE-5,18.36,20.2,0.123
TEL-00923,TURBINE-5,3.18,27.6,0.123
TEL-00924,TURBINE-5,4.55,9.6,0.0
TEL-00925,TURBINE-3,2.81,42.3,0.1
TEL-00926,TURBINE-3,17.32,0.3,0.112
TEL-00927,TURBINE-2,26.31,34.8,0.0
TEL-00928,TURBINE-4,13.01,28.1,0.0
TEL-00929,TURBINE-1,4.83,16.8,0.0
TEL-00930,TURBINE-5,16.74,2.3,0.004
TEL-00931,TURBINE-2,24.35,28.2,0.407
TEL-00932,TURBINE-1,22.25,17.4,0.273
TEL-00933,TURBINE-2,26.44,42.1,0.106
TEL-00934,TURBINE-3,8.34,24.4,0.066
TEL-00935,TURBINE-5,5.82,42.3,0.008
TEL-00936,TURBINE-1,26.39,9.9,0.007
TEL-00937,TURBINE-1,19.73,32.7,0.068
TEL-00938,TURBINE-1,9.33,27.8,0.0
TEL-00939,TURBINE-1,22.27,33.3,0.012
TEL-00940,TURBINE-1,24.45,9.7,0.452
TEL-00941,TURBINE-2,18.45,29.9,0.0
TEL-00942,TURBINE-5,20.64,22.4,0.055
TEL-00943,TURBINE-3,11.26,33.4,0.221
TEL-00944,TURBINE-3,16.16,14.7,0.104
TEL-00945,TURBINE-3,15.72,40.1,0.06
TEL-00946,TURBINE-3,25.44,3.8,0.064
TEL-00947,TURBINE-2,25.2,36.3,0.0
TEL-00948,TURBINE-4,24.98,38.8,0.04
TEL-00949,TURBINE-5,0.33,36.8,0.0
TEL-00950,TURBINE-1,22.49,23.1,0.115
TEL-00951,TURBINE-4,22.76,19.7,0.221
TEL-00952,TURBINE-3,20.35,44.8,0.125
TEL-00953,TURBINE-4,22.69,10.3,0.411
TEL-00954,TURBINE-5,25.26,24.6,0.081
TEL-00955,TURBINE-1,14.11,30.2,0.0
TEL-00956,TURBINE-1,15.06,31.5,0.012
TEL-00957,TURBINE-5,3.74,9.2,0.0
TEL-00958,TURBINE-5,11.56,29.4,0.0
TEL-00959,TURBINE-3,19.3,36.8,0.0
TEL-00960,TURBINE-1,23.41,2.3,0.508
TEL-00961,TURBINE-4,6.52,41.0,0.004
TEL-00962,TURBINE-2,4.13,1.3,0.0
TEL-00963,TURBINE-2,19.89,16.0,0.213
TEL-00964,TURBINE-5,0.06,0.7,0.053
TEL-00965,TURBINE-3,5.35,3.5,0.116
TEL-00966,TURBINE-2,0.87,41.0,0.0
TEL-00967,TURBINE-1,5.01,16.0,0.043
TEL-00968,TURBINE-5,5.44,19.1,0.0
TEL-00969,TURBINE-4,11.63,9.7,0.018
TEL-00970,TURBINE-5,12.07,26.9,0.035
TEL-00971,TURBINE-4,26.23,26.8,0.015
TEL-00972,TURBINE-5,15.3,16.7,0.085
TEL-00973,TURBINE-5,21.7,15.0,0.298
TEL-00974,TURBINE-5,3.12,39.8,0.0
TEL-00975,TURBINE-4,6.76,17.2,0.024
TEL-00976,TURBINE-4,21.09,22.2,0.097
TEL-00977,TURBINE-5,1.58,12.7,0.292
TEL-00978,TURBINE-2,14.6,35.4,0.0
TEL-00979,TURBINE-3,17.98,17.9,0.047
TEL-00980,TURBINE-3,18.06,23.1,0.194
TEL-00981,TURBINE-3,0.69,11.4,0.0
TEL-00982,TURBINE-4,9.66,44.4,0.097
TEL-00983,TURBINE-4,19.09,13.1,0.169
TEL-00984,TURBINE-2,4.47,34.7,0.0
TEL-00985,TURBINE-3,20.86,19.2,0.103
TEL-00986,TURBINE-3,22.38,9.3,0.187
TEL-00987,TURBINE-5,29.46,36.0,0.0
TEL-00988,TURBINE-4,6.3,15.0,0.0
TEL-00989,TURBINE-3,24.75,38.9,0.091
TEL-00990,TURBINE-2,15.61,41.2,0.029
TEL-00991,TURBINE-2,11.2,38.7,0.0
TEL-00992,TURBINE-3,3.67,1.6,0.077
TEL-00993,TURBINE-4,22.07,35.4,0.234
TEL-00994,TURBINE-2,7.08,18.5,0.0
TEL-00995,TURBINE-5,11.14,39.3,0.0
TEL-00996,TURBINE-2,1.88,28.7,0.018
TEL-00997,TURBINE-1,24.04,37.5,0.294
TEL-00998,TURBINE-1,23.0,22.5,0.371
TEL-00999,TURBINE-4,22.01,24.1,0.047
TEL-01000,TURBINE-3,8.98,6.5,0.119
TEL-01001,TURBINE-4,5.2,35.3,0.0
TEL-01002,TURBINE-4,19.13,18.9,0.134
TEL-01003,TURBINE-4,14.88,22.5,0.111
TEL-01004,TURBINE-4,5.35,35.3,0.0
TEL-01005,TURBINE-5,20.58,26.9,0.253
TEL-01006,TURBINE-5,29.73,9.0,0.142
TEL-01007,TURBINE-2,22.42,26.6,0.333
TEL-01008,TURBINE-1,22.2,18.3,0.034
TEL-01009,TURBINE-4,28.51,21.1,0.0
TEL-01010,TURBINE-2,6.09,1.3,0.0
TEL-01011,TURBINE-1,16.97,9.5,0.039
TEL-01012,TURBINE-3,29.39,12.6,0.0
TEL-01013,TURBINE-5,4.96,32.1,0.047
TEL-01014,TURBINE-1,21.01,0.5,0.276
TEL-01015,TURBINE-3,17.57,18.4,0.065
TEL-01016,TURBINE-1,17.59,41.6,0.0
TEL-01017,TURBINE-5,20.93,5.0,0.265
TEL-01018,TURBINE-5,27.89,23.2,0.0
TEL-01019,TURBINE-2,23.48,35.4,0.059
TEL-01020,TURBINE-4,1.68,42.4,0.0
TEL-01021,TURBINE-1,25.58,33.6,0.0
TEL-01022,TURBINE-1,6.77,32.4,0.0
TEL-01023,TURBINE-3,11.31,37.2,0.0
TEL-01024,TURBINE-5,13.85,20.1,0.103
TEL-01025,TURBINE-1,14.43,36.3,0.134
TEL-01026,TURBINE-5,13.06,0.4,0.206
TEL-01027,TURBINE-1,28.12,41.6,0.006
TEL-01028,TURBINE-2,21.18,19.9,0.218
TEL-01029,TURBINE-4,18.94,24.9,0.136
TEL-01030,TURBINE-1,1.5,11.5,0.0
TEL-01031,TURBINE-5,27.12,33.4,0.0
TEL-01032,TURBINE-2,27.28,3.4,0.0
TEL-01033,TURBINE-1,23.41,39.3,0.094
TEL-01034,TURBINE-3,0.21,37.3,0.0
TEL-01035,TURBINE-4,1.72,9.7,0.0
TEL-01036,TURBINE-1,6.76,36.4,0.0
TEL-01037,TURBINE-2,3.94,35.4,0.0
TEL-01038,TURBINE-3,11.97,28.4,0.0
TEL-01039,TURBINE-2,27.68,16.8,0.0
TEL-01040,TURBINE-2,14.16,12.2,0.0
TEL-01041,TURBINE-3,0.4,10.4,0.009
TEL-01042,TURBINE-2,8.48,14.3,0.122
TEL-01043,TURBINE-3,1.34,40.7,0.0
TEL-01044,TURBINE-1,1.09,3.5,0.0
TEL-01045,TURBINE-3,8.27,37.3,0.05
TEL-01046,TURBINE-3,8.27,15.7,0.1
TEL-01047,TURBINE-4,23.61,23.5,0.193
TEL-01048,TURBINE-3,29.25,35.8,0.0
TEL-01049,TURBINE-3,11.14,39.8,0.137
TEL-01050,TURBINE-1,12.87,15.5,0.125
TEL-01051,TURBINE-4,25.34,20.8,0.086
TEL-01052,TURBINE-5,8.04,18.7,0.0
TEL-01053,TURBINE-1,4.69,0.6,0.114
TEL-01054,TURBINE-1,25.59,13.3,0.0
TEL-01055,TURBINE-5,1.4,20.7,0.113
TEL-01056,TURBINE-3,18.59,18.5,0.121
TEL-01057,TURBINE-2,16.86,32.5,0.081
TEL-01058,TURBINE-4,10.38,17.3,0.0
TEL-01059,TURBINE-2,9.46,22.0,0.0
TEL-01060,TURBINE-5,23.16,19.3,0.254
TEL-01061,TURBINE-1,2.59,33.3,0.055
TEL-01062,TURBINE-1,7.1,38.8,0.074
TEL-01063,TURBINE-4,21.97,23.9,0.247
TEL-01064,TURBINE-1,16.45,35.5,0.094
TEL-01065,TURBINE-1,3.84,13.4,0.0
TEL-01066,TURBINE-4,26.46,24.4,0.077
TEL-01067,TURBINE-4,11.8,15.5,0.0
TEL-01068,TURBINE-5,24.84,18.6,0.415
TEL-01069,TURBINE-1,23.63,33.0,0.175
TEL-01070,TURBINE-1,18.73,39.7,0.068
TEL-01071,TURBINE-5,14.83,5.5,0.169
TEL-01072,TURBINE-3,29.39,28.6,0.1
TEL-01073,TURBINE-3,4.35,26.2,0.078
TEL-01074,TURBINE-3,21.75,5.3,0.179
TEL-01075,TURBINE-5,5.74,9.5,0.081
TEL-01076,TURBINE-1,10.15,14.0,0.0
TEL-01077,TURBINE-5,9.26,7.5,0.098
TEL-01078,TURBINE-5,28.41,11.0,0.0
TEL-01079,TURBINE-3,29.02,12.0,0.0
TEL-01080,TURBINE-2,5.49,15.1,0.0
TEL-01081,TURBINE-1,0.66,33.7,0.087
TEL-01082,TURBINE-3,21.6,25.7,0.282
TEL-01083,TURBINE-2,12.54,44.4,0.038
TEL-01084,TURBINE-2,2.67,18.7,0.017
TEL-01085,TURBINE-4,20.51,33.9,0.187
TEL-01086,TURBINE-1,16.35,39.2,0.162
TEL-01087,TURBINE-2,29.42,30.6,0.004
TEL-01088,TURBINE-3,6.82,18.5,0.0
TEL-01089,TURBINE-4,12.12,33.9,0.089
TEL-01090,TURBINE-1,16.28,9.2,0.0
TEL-01091,TURBINE-5,23.75,14.7,0.379
TEL-01092,TURBINE-3,16.47,24.6,0.007
TEL-01093,TURBINE-2,18.39,25.9,0.081
TEL-01094,TURBINE-2,6.78,1.0,0.1
TEL-01095,TURBINE-3,25.41,42.5,0.0
TEL-01096,TURBINE-2,12.86,31.3,0.096
TEL-01097,TURBINE-4,4.23,22.3,0.115
TEL-01098,TURBINE-1,19.93,42.0,0.092
TEL-01099,TURBINE-4,6.48,19.8,0.036
TEL-01100,TURBINE-2,2.93,44.1,0.0
TEL-01101,TURBINE-5,25.86,23.1,0.012
TEL-01102,TURBINE-1,13.8,5.1,0.0
TEL-01103,TURBINE-1,22.48,34.4,0.122
TEL-01104,TURBINE-3,8.72,30.6,0.0
TEL-01105,TURBINE-3,23.61,34.8,0.084
TEL-01106,TURBINE-5,3.36,42.8,0.0
TEL-01107,TURBINE-1,10.68,34.9,0.042
TEL-01108,TURBINE-5,29.34,27.5,0.169
TEL-01109,TURBINE-3,23.82,38.6,0.111
TEL-01110,TURBINE-3,14.92,30.3,0.146
TEL-01111,TURBINE-1,10.19,18.4,0.134
TEL-01112,TURBINE-4,26.16,39.9,0.0
TEL-01113,TURBINE-2,16.35,10.0,0.004
TEL-01114,TURBINE-3,22.75,32.2,0.267
TEL-01115,TURBINE-3,22.62,39.7,0.12
TEL-01116,TURBINE-4,0.54,32.9,0.0
TEL-01117,TURBINE-4,3.79,31.4,0.0
TEL-01118,TURBINE-5,19.79,33.9,0.147
TEL-01119,TURBINE-5,4.85,20.9,0.0
TEL-01120,TURBINE-2,7.66,39.3,0.0
TEL-01121,TURBINE-2,28.4,9.2,0.0
TEL-01122,TURBINE-1,16.81,5.7,0.096
TEL-01123,TURBINE-5,22.52,12.8,0.255
TEL-01124,TURBINE-3,16.74,23.9,0.209
TEL-01125,TURBINE-5,16.58,23.0,0.088
TEL-01126,TURBINE-3,2.82,36.9,0.024
TEL-01127,TURBINE-4,10.31,18.2,0.128
TEL-01128,TURBINE-5,8.47,21.8,0.012
TEL-01129,TURBINE-4,11.72,0.6,0.258
TEL-01130,TURBINE-2,23.95,18.4,0.148
TEL-01131,TURBINE-2,11.16,29.1,0.0
TEL-01132,TURBINE-1,13.55,0.7,0.129
TEL-01133,TURBINE-5,11.92,12.6,0.163
TEL-01134,TURBINE-4,2.8,9.4,0.0
TEL-01135,TURBINE-3,13.23,1.9,0.0
TEL-01136,TURBINE-2,5.87,21.6,0.18
TEL-01137,TURBINE-2,5.6,8.2,0.0
TEL-01138,TURBINE-3,2.82,33.4,0.034
TEL-01139,TURBINE-4,10.7,38.2,0.146
TEL-01140,TURBINE-4,22.72,24.6,0.16
TEL-01141,TURBINE-5,8.29,44.2,0.0
TEL-01142,TURBINE-5,9.37,20.3,0.0
TEL-01143,TURBINE-1,19.28,23.1,0.219
TEL-01144,TURBINE-2,5.88,44.5,0.108
TEL-01145,TURBINE-5,26.91,10.4,0.003
TEL-01146,TURBINE-4,15.61,42.4,0.226
TEL-01147,TURBINE-3,13.43,1.9,0.068
TEL-01148,TURBINE-4,16.73,20.1,0.219
TEL-01149,TURBINE-2,4.98,3.2,0.0
TEL-01150,TURBINE-4,18.4,32.8,0.321
TEL-01151,TURBINE-1,10.89,27.4,0.178
TEL-01152,TURBINE-2,26.92,31.8,0.0
TEL-01153,TURBINE-3,5.07,16.9,0.146
TEL-01154,TURBINE-1,15.21,16.6,0.211
TEL-01155,TURBINE-2,17.94,2.0,0.31
TEL-01156,TURBINE-3,1.0,15.7,0.0
TEL-01157,TURBINE-1,10.91,41.8,0.085
TEL-01158,TURBINE-1,21.98,17.1,0.272
TEL-01159,TURBINE-2,24.61,37.4,0.227
TEL-01160,TURBINE-5,9.39,37.9,0.032
TEL-01161,TURBINE-1,23.96,16.8,0.308
TEL-01162,TURBINE-1,29.03,28.4,0.128
TEL-01163,TURBINE-3,25.71,4.3,0.054
TEL-01164,TURBINE-4,3.53,4.7,0.023
TEL-01165,TURBINE-2,22.19,2.2,0.405
TEL-01166,TURBINE-2,9.59,26.1,0.057
TEL-01167,TURBINE-5,29.65,19.2,0.051
TEL-01168,TURBINE-5,14.56,24.7,0.24
TEL-01169,TURBINE-2,3.67,23.4,0.0
TEL-01170,TURBINE-5,21.76,15.8,0.065
TEL-01171,TURBINE-3,9.69,30.5,0.021
TEL-01172,TURBINE-2,29.91,34.1,0.021
TEL-01173,TURBINE-5,29.39,0.7,0.072
TEL-01174,TURBINE-2,19.68,9.3,0.192
TEL-01175,TURBINE-4,3.89,32.1,0.076
TEL-01176,TURBINE-1,20.61,17.4,0.429
TEL-01177,TURBINE-2,2.79,29.8,0.08
TEL-01178,TURBINE-1,0.88,15.6,0.098
TEL-01179,TURBINE-5,24.69,17.6,0.292
TEL-01180,TURBINE-1,6.29,7.1,0.0
TEL-01181,TURBINE-2,11.37,11.6,0.0
TEL-01182,TURBINE-4,29.2,27.2,0.0
TEL-01183,TURBINE-5,10.11,19.5,0.0
TEL-01184,TURBINE-2,8.89,34.8,0.061
TEL-01185,TURBINE-5,27.55,38.4,0.0
TEL-01186,TURBINE-3,3.32,24.4,0.0
TEL-01187,TURBINE-1,22.79,34.1,0.172
TEL-01188,TURBINE-3,29.64,13.8,0.0
TEL-01189,TURBINE-2,27.04,18.7,0.045
TEL-01190,TURBINE-4,19.55,32.1,0.178
TEL-01191,TURBINE-5,9.42,17.4,0.0
TEL-01192,TURBINE-1,7.63,26.5,0.0
TEL-01193,TURBINE-5,24.58,8.3,0.38
TEL-01194,TURBINE-2,26.39,27.0,0.0
TEL-01195,TURBINE-5,15.76,38.8,0.067
TEL-01196,TURBINE-1,7.33,39.1,0.0
TEL-01197,TURBINE-2,3.39,32.6,0.057
TEL-01198,TURBINE-5,2.62,33.6,0.0
TEL-01199,TURBINE-4,21.57,25.1,0.029
TEL-01200,TURBINE-2,12.6,26.3,0.0
